,title,cat
0,"동아일보GOP 간부, 근무 중 유튜브 시청에 폭언까지…“부적절 언행 확인”",100
1,"뉴스15사단 GOP 병사 ""이런 간부 조치를…근무중 유튜브· 폭언 협박· 늦장 교대""",100
2,"YTN""GOP간부가 근무 중 영상시청·게임...특이사항 보고에 욕설도""",100
3,"디지털타임스尹인수위 ""통일부 폐지 아닌 존치""… 교류협력·인도주의 고유기능 강화",100
4,"뉴시스인수위 ""통일부 폐지 없다…교류협력 등 고유 기능 더 강화""(종합)",100
5,"이데일리""통일부 폐지 없다"" 확인한 인수위…교류협력·인도지원 강화",100
6,"조선비즈“尹당선인, 오늘 오후 베트남 국가주석과 통화”…중·러는 ‘아직’",100
7,"디지털타임스尹, `당선 직후 축전` 베트남 주석과 통화…같은 `수교 30주년` 中보다 빨라",100
8,"뉴시스尹, 베트남 주석과 30분 통화…北 비핵화 협력",100
9,"연합뉴스尹 취임식, 메타버스 공간에서도?…이도훈, 기획총괄 맡을 듯",100
10,매일경제대통령 취임식 김수민 전 의원이 맡는다…윤석열과 어떤 인연,100
11,"국민일보尹 대통령 취임식, 국회 광장서 진행…박근혜, 초청받을까",100
12,"동아일보[김순덕의 도발]우크라이나, 아니 초보 대통령은 이미 이겼다",100
13,동아일보[김순덕의 도발]윤석열은 안철수를 보쌈이라도 해오라,100
14,동아일보[김순덕의 도발] 나랏빚 늘리는 ‘경제 대통령’도 있나,100
15,서울경제중저가 단지 몰린 도봉구 20.6% 껑충…용산구도 19% 뛰어,101
16,한국경제GTX가 띄운 '수도권 공시價'…인천 30%·경기 23% 역대급 상승,101
17,세계일보‘GTX 호재’ 인천 29% 폭등… 제주 1년새 8배↑,101
18,서울신문홍남기 “1세대 1주택자 보유세 전년수준 유지”,101
19,"아시아경제홍남기 ""1세대 1주택자 보유세 부담 작년 수준 유지…고령자 납부 유예""",101
20,"데일리안홍남기 ""1주택자 보유세 지난해 수준 유지…60세 이상 종부세 납부유예""",101
21,이데일리고승범 “코로나 대출 9월말까지”…출구전략 차기정부로(종합),101
22,연합뉴스소상공인에 대출 만기연장·상환유예 9월까지 연장 확정(종합),101
23,"채널A정부·인수위, 코로나 피해 소상공인 대출 6개월 연장 확정",101
24,"머니투데이[부꾸미]소심 개미도 ETF 수익률 20% 가능? ""황금률 6:4 쓴다면…""",101
25,"머니투데이[부꾸미]'제2 테슬라' 맞나…개미 무덤된 리비안·루시드, 반등 조건은?",101
26,머니투데이[부꾸미]러시아 '곱버스' 있나요?…주목할 글로벌 ETF '일곱',101
27,노컷뉴스재고 있어도 '팍스로비드 처방' 꺼리는 동네의원… 왜?,102
28,머니S 머크 코로나 치료제 라게브리오도 통할까[헬스S],102
29,"디지털데일리먹는 코로나19 치료제 탄력…'팍스로비드' 4.4만 명분 추가 도입, 총 20.7만 명분 확보",102
30,KBS‘초과 근무수당 부당 수령’ 나주경찰 29명 송치,102
31,"헤럴드경제나주경찰, 초과근무수당 부당 수령…29명 검찰 송치",102
32,YTN초과 수당 부당하게 챙긴 나주경찰서 직원 29명 검찰에 송치,102
33,서울신문[속보]“5~11세도 화이자 백신”…내일부터 사전예약,102
34,연합뉴스TV내일부터 5∼11세 화이자 백신접종 사전예약,102
35,오마이뉴스 만 5~11세 소아 백신접종... 대상자 1만2200명[서산],102
36,"SBS경기지사 대행, 김혜경 법카 의혹 질의에 ""감사 조속히 마무리""",102
37,"헤럴드경제경기지사 대행, ‘김혜경 법카 의혹’ 감사에 “빠르게, 공정히”",102
38,"MBN'김혜경 법카 의혹' 감사 나선 경기도 ""최대한 빨리 마무리""",102
39,노컷뉴스[씨리얼]20대라면 투표장 가기 전 알아야 할 대선 공약 #5. 여성,102
40,노컷뉴스[씨리얼]정치부 기자들이 바라보는 대선 공보물에 담긴 숨은 뜻 #특별편,102
41,노컷뉴스[씨리얼]20대라면 투표장 가기 전 알아야 할 대선 공약 #4. 청년,102
42,"연합뉴스현대모비스, 지배구조 전문가 사외이사로 선임…ESG 경영 속도",103
43,"뉴스1 조성환 현대모비스 사장 ""모빌리티 혁신기업으로 도약""[주총]",103
44,비즈니스워치현대모비스 '미래기술·투자' 전문가 연임시켰다,103
45,"채널A‘그림책 작가’ 이수지, 한국 첫 안데르센상 품었다",103
46,동아일보“그림책은 첫번째 미술관… 영감 주는 아이들에 감사”,103
47,서울신문이수지 작가 수상 소식에 책 불티,103
48,국제신문[방호정의 컬쳐 쇼크 & 조크] <55> 멋지게 나이 들기,103
49,국제신문[방호정의 컬쳐 쇼크 & 조크] <54> 성룡의 추억,103
50,국제신문[방호정의 컬쳐 쇼크 & 조크] <53> 보사노바의 매력,103
51,주간경향안녕 커뮤니티-이 사회가 안녕한지를 묻다[만화로 본 세상],103
52,주간경향플루토-전쟁 트라우마로 아파하는 로봇들[만화로 본 세상],103
53,주간경향스터디그룹-공부하기 위해 싸우는 학생들[만화로 본 세상],103
